Year/Fraction of Year,Number of observations,GMSL variation (GIA not applied) (mm),Std. Deviation variation estimate (GIA not applied) (mm),Smoothed GMSL variation (GIA not applied) (mm),GMSL  variation (GIA applied) (mm),Std. deviation variation estimate (GIA applied) (mm),Smoothed GMSL variation (GIA applied) (mm)
1993.0,466466,-40.28,97.64,-40.64,-40.27,97.64,-40.63
1993.0,460890,-44.2,100.97,-41.9,-44.19,100.96,-41.89
1993.1,472125,-44.17,97.73,-42.04,-44.15,97.72,-42.02
1993.1,421381,-46.32,101.99,-42.38,-46.3,101.97,-42.36
1993.1,459550,-40.91,99.63,-41.6,-40.87,99.62,-41.57
1993.1,416487,-39.32,98.01,-40.54,-39.28,98,-40.5
1993.2,467982,-38.86,96.18,-39.56,-38.82,96.17,-39.52
1993.2,466077,-37.62,96.2,-38.85,-37.57,96.18,-38.8
1993.2,461213,-37.8,96.14,-38.45,-37.74,96.11,-38.39
1993.3,467274,-45.73,107.39,-38.34,-45.66,107.37,-38.27
1993.3,461744,-39.55,94.35,-38.49,-39.48,94.32,-38.42
1993.3,469833,-36.22,93.55,-38.89,-36.13,93.51,-38.8
1993.3,467661,-38.38,93.32,-39.46,-38.29,93.28,-39.37
1993.4,467936,-41.33,93.72,-39.96,-41.23,93.68,-39.85
1993.4,470043,-42.35,93.96,-40.46,-42.24,93.92,-40.35
1993.4,471722,-42.08,93.66,-40.41,-41.96,93.62,-40.29
1993.4,468852,-39.13,93.89,-40.4,-39,93.85,-40.27
1993.5,468773,-39.16,92.85,-40.19,-39.03,92.81,-40.06
1993.5,448244,-39.82,91.41,-40.05,-39.69,91.37,-39.91
1993.5,461234,-41.09,93.27,-39.88,-40.94,93.23,-39.73
1993.6,258734,-37.32,99,-39.48,-37.17,98.97,-39.32
1993.6,456886,-39.97,95.83,-38.76,-39.81,95.8,-38.6
1993.6,424745,-39.5,96.82,-37.85,-39.34,96.79,-37.68
1993.6,453729,-35.68,95.9,-36.94,-35.5,95.88,-36.76
1993.7,451302,-34.51,95.04,-36.14,-34.33,95.02,-35.96
1993.7,453813,-36.13,92.84,-35.37,-35.94,92.81,-35.18
1993.7,411294,-37.06,93.7,-34.59,-36.86,93.68,-34.39
1993.7,455695,-33.18,92.68,-33.73,-32.97,92.66,-33.53
1993.8,452877,-29.57,92.93,-33.11,-29.36,92.92,-32.89
1993.8,454650,-31.83,91.09,-32.97,-31.61,91.08,-32.75
1993.8,465492,-35.9,100.18,-33.43,-35.67,100.15,-33.21
1993.9,463414,-34.04,91.19,-34.18,-33.81,91.17,-33.95
1993.9,462117,-35.48,91.81,-34.71,-35.24,91.77,-34.47
1993.9,451860,-37.29,91.71,-34.82,-37.04,91.66,-34.57
1993.9,470802,-35.8,90.78,-34.65,-35.54,90.73,-34.4
1994.0,472633,-30.41,90.9,-34.5,-30.15,90.85,-34.23
1994.0,463199,-33.56,91.44,-35.02,-33.28,91.38,-34.75
1994.0,472732,-37.04,91.08,-35.22,-36.76,91,-34.94
1994.0,465775,-35.12,89.2,-35.74,-34.84,89.12,-35.45
1994.1,464596,-33.14,88.74,-36.69,-32.84,88.64,-36.4
1994.1,467066,-38.84,89.91,-37.69,-38.54,89.8,-37.39
1994.1,472856,-42.11,90.92,-38.4,-41.8,90.8,-38.09
1994.2,472073,-41.12,92.52,-38.49,-40.8,92.4,-38.18
1994.2,464135,-37.06,92.56,-37.87,-36.74,92.43,-37.55
1994.2,381477,-41.48,98.68,-36.91,-41.16,98.55,-36.57
1994.2,468379,-32.31,89.47,-36.3,-31.97,89.34,-35.96
1994.3,467859,-35.95,90.05,-36.45,-35.6,89.92,-36.1
1994.3,467848,-36.5,90.51,-37.5,-36.14,90.36,-37.14
1994.3,467646,-37.94,90.14,-38.32,-37.58,89.99,-37.95
1994.3,472393,-39.68,89.1,-39.48,-39.31,88.96,-39.11
1994.4,468079,-41.44,90.85,-40.19,-41.06,90.72,-39.81
1994.4,469184,-43.95,92.34,-41.02,-43.56,92.21,-40.64
1994.4,469231,-41.64,89.76,-41.23,-41.25,89.62,-40.84
1994.5,466690,-38.83,89.61,-41.14,-38.44,89.48,-40.75
1994.5,473869,-47.26,98.12,-40.89,-46.86,97.99,-40.49
1994.5,445229,-43.55,90.63,-40.51,-43.14,90.5,-40.1
1994.5,461562,-39.37,90.38,-39.99,-38.95,90.26,-39.57
1994.6,454521,-38.91,93.69,-39.37,-38.49,93.59,-38.95
1994.6,454380,-38.92,95.31,-38.66,-38.49,95.23,-38.23
1994.6,456252,-39.09,96.17,-37.83,-38.65,96.09,-37.39
1994.6,454271,-36.84,97.15,-36.75,-36.39,97.08,-36.3
1994.7,450951,-36.33,98,-35.86,-35.87,97.95,-35.4
1994.7,445430,-32.85,98.83,-34.84,-32.39,98.81,-34.38
1994.7,450743,-33.76,101.27,-34.01,-33.29,101.25,-33.54
1994.8,445853,-34.46,97.98,-33.36,-33.98,97.95,-32.88
1994.8,444457,-32.35,97.4,-32.89,-31.86,97.37,-32.4
1994.8,457269,-30.57,97.25,-32.71,-30.08,97.21,-32.22
1994.8,457991,-32.03,99.09,-32.98,-31.53,99.03,-32.48
1994.9,405793,-26.29,105.21,-33.63,-25.78,105.18,-33.12
1994.9,458377,-34.84,101.01,-34.26,-34.32,100.95,-33.74
1994.9,466734,-37.72,99,-34.44,-37.2,98.91,-33.92
1994.9,472968,-34.4,96.19,-34.17,-33.87,96.09,-33.64
1995.0,470799,-32.64,96.88,-33.73,-32.11,96.77,-33.19
1995.0,469958,-32.04,99.09,-33.66,-31.49,98.96,-33.11
1995.0,469492,-32.28,99.86,-33.76,-31.73,99.73,-33.2
1995.0,470727,-34.56,96.15,-33.96,-34,95.98,-33.4
1995.1,469786,-31.74,98.87,-34.77,-31.17,98.68,-34.2
1995.1,467623,-36.58,96.99,-35.64,-36.01,96.79,-35.06
1995.1,468770,-41.08,97.09,-36.25,-40.5,96.87,-35.67
1995.2,470010,-36.51,95.34,-36.24,-35.92,95.15,-35.65
1995.2,481954,-35.18,103.29,-36.27,-34.59,103.1,-35.67
1995.2,465180,-31.25,96.28,-36.27,-30.64,96.05,-35.67
1995.2,464885,-37.68,94.34,-36.62,-37.07,94.12,-36
1995.3,467738,-38.7,93.75,-37.15,-38.08,93.51,-36.53
1995.3,468635,-38.02,93.45,-37.66,-37.39,93.21,-37.03
1995.3,467176,-37.53,91.59,-38.01,-36.89,91.36,-37.38
1995.3,477242,-43.88,98.01,-38.37,-43.24,97.79,-37.72
1995.4,468544,-40.21,89.8,-38.67,-39.55,89.57,-38.01
1995.4,466173,-38.51,88.11,-38.84,-37.85,87.88,-38.18
1995.4,454338,-36.75,90.44,-39.05,-36.07,90.24,-38.38
1995.5,472129,-39.84,90.67,-39.34,-39.17,90.47,-38.67
1995.5,466479,-41.51,91.37,-39.63,-40.84,91.15,-38.96
1995.5,469782,-36.65,94.9,-39.47,-35.98,94.73,-38.78
1995.5,458082,-39.79,89.98,-39.43,-39.1,89.79,-38.73
1995.6,460278,-39.99,90.16,-38.75,-39.28,89.98,-38.05
1995.6,460845,-39.43,89.14,-37.71,-38.71,88.95,-37
1995.6,453190,-36.54,90.33,-36.04,-35.83,90.2,-35.32
1995.6,454199,-35.67,89.34,-34.57,-34.95,89.22,-33.85
1995.7,447085,-32.37,88.53,-32.86,-31.64,88.43,-32.13
1995.7,455920,-30.85,89.64,-31.07,-30.11,89.57,-30.33
1995.7,455697,-24.76,88.16,-30.32,-24.02,88.14,-29.58
1995.8,459680,-29.12,90.17,-29.32,-28.37,90.12,-28.57
1995.8,459280,-30.09,91.27,-29.25,-29.33,91.21,-28.49
1995.8,466883,-35.8,97.28,-29.41,-35.04,97.19,-28.64
1995.8,459040,-30.18,87.48,-29.56,-29.41,87.36,-28.79
1995.9,465545,-30.1,87.58,-29.69,-29.31,87.49,-28.9
1995.9,408028,-27.79,87.34,-29.96,-26.99,87.23,-29.16
1995.9,1266,-49.44,90.65,-30.6,-48.49,90.29,-29.8
1995.9,473615,-32.24,88.34,-31.97,-31.43,88.18,-31.16
1996.0,470141,-28.39,85.37,-33.23,-27.57,85.19,-32.4
1996.0,455388,-34.89,87.73,-34.55,-34.06,87.46,-33.72
1996.0,466900,-37.62,88.85,-35.9,-36.79,88.58,-35.06
1996.1,321333,-39.82,90.01,-36.79,-38.97,89.69,-35.95
1996.1,473198,-40.32,91.07,-36.7,-39.48,90.74,-35.86
1996.1,467287,-33.59,90.9,-36.72,-32.73,90.59,-35.87
1996.1,483278,-36.92,96.04,-36.23,-36.07,95.73,-35.37
1996.2,409744,-34.13,90.01,-35.93,-33.27,89.68,-35.06
1996.2,472347,-37.42,91.53,-35.93,-36.55,91.18,-35.05
1996.2,464808,-35.54,91.09,-36.06,-34.65,90.72,-35.17
1996.2,473782,-35.69,92.81,-36.17,-34.79,92.41,-35.28
1996.3,471257,-36.88,91.52,-36.02,-35.97,91.14,-35.11
1996.3,469153,-38.36,89.17,-35.83,-37.44,88.76,-34.91
1996.3,473313,-34.57,87.62,-35.53,-33.64,87.27,-34.61
1996.4,471861,-33.65,89.4,-35.1,-32.73,89.05,-34.17
1996.4,471345,-35.21,88.78,-34.74,-34.28,88.46,-33.81
1996.4,470530,-33.92,88.2,-34.45,-32.97,87.91,-33.51
1996.4,471151,-35.02,87.99,-34.1,-34.07,87.67,-33.15
1996.5,473320,-34.79,92.78,-33.57,-33.84,92.47,-32.62
1996.5,464414,-32.72,87.91,-32.88,-31.76,87.63,-31.91
1996.5,462991,-33.63,86.76,-32.13,-32.66,86.53,-31.16
1996.5,460621,-32.01,88.22,-31.45,-31.03,88.04,-30.47
1996.6,461391,-28.12,88.56,-30.9,-27.15,88.42,-29.92
1996.6,457970,-30.33,87.35,-30.55,-29.35,87.17,-29.56
1996.6,445853,-31.13,87.75,-30.11,-30.14,87.62,-29.12
1996.7,451140,-30.22,89.15,-29.77,-29.22,89.03,-28.77
1996.7,453787,-31.95,90.14,-28.95,-30.95,90.05,-27.94
1996.7,439071,-27.89,89.57,-27.75,-26.89,89.51,-26.75
1996.7,435372,-23.72,91.32,-26.29,-22.68,91.29,-25.28
1996.8,457197,-24.6,88.27,-24.7,-23.59,88.25,-23.68
1996.8,437494,-26.63,92.81,-23.3,-25.61,92.76,-22.26
1996.8,460333,-21.15,88.42,-22.58,-20.11,88.4,-21.53
1996.8,464439,-18.49,88.18,-22.82,-17.44,88.19,-21.77
1996.9,457850,-21.58,91.06,-23.87,-20.53,91.02,-22.81
1996.9,464925,-28.31,90.08,-25.36,-27.24,89.95,-24.3
1996.9,467706,-27.57,88.75,-26.94,-26.49,88.57,-25.87
1996.9,471980,-26.82,87.87,-28.34,-25.74,87.65,-27.26
1997.0,463122,-31,92,-29.77,-29.91,91.73,-28.68
1997.0,474409,-32.62,92.51,-30.86,-31.53,92.26,-29.76
1997.0,475281,-30.61,92.05,-31.69,-29.5,91.82,-30.59
1997.1,474346,-34.42,93.58,-32.29,-33.3,93.29,-31.18
1997.1,474995,-32.29,92.27,-32.71,-31.17,91.95,-31.59
1997.1,484087,-34.04,96.54,-32.98,-32.93,96.19,-31.85
1997.1,471364,-33.43,92.79,-33.07,-32.31,92.4,-31.94
1997.2,469683,-33.26,93.75,-32.97,-32.12,93.39,-31.83
1997.2,467137,-34.22,96.7,-32.7,-33.07,96.33,-31.55
1997.2,467796,-31.94,93.3,-32.39,-30.78,92.87,-31.23
1997.2,469144,-30.75,92.76,-32.28,-29.58,92.33,-31.11
1997.3,467303,-29.85,92.19,-32.2,-28.67,91.78,-31.02
1997.3,468591,-35.06,91.87,-32.2,-33.87,91.42,-31.01
1997.3,470769,-33.79,91.31,-32.12,-32.59,90.92,-30.93
1997.4,469020,-29.95,90.03,-31.83,-28.74,89.76,-30.63
1997.4,469779,-33.29,92.59,-31.37,-32.08,92.3,-30.16
1997.4,468955,-28.3,94.2,-30.79,-27.08,93.91,-29.58
1997.4,228006,-30.45,101.61,-30.21,-29.25,101.32,-28.99
1997.5,468902,-31.4,94.72,-29.5,-30.18,94.44,-28.28
1997.5,460522,-29.49,97.31,-28.62,-28.27,97.1,-27.39
1997.5,463575,-29.41,97.61,-27.55,-28.17,97.43,-26.32
1997.5,462730,-23.49,98.56,-26.26,-22.26,98.45,-25.03
1997.6,459510,-25.03,99.94,-24.62,-23.78,99.87,-23.38
1997.6,446294,-26.25,106.77,-22.95,-25,106.67,-21.7
1997.6,455302,-22.09,103.81,-21.21,-20.84,103.78,-19.95
1997.7,447178,-19.69,107.03,-19.68,-18.42,107.08,-18.41
1997.7,444507,-18.33,108.3,-18.4,-17.06,108.39,-17.13
1997.7,450537,-16.51,111.21,-17.28,-15.24,111.3,-16
1997.7,444677,-15.02,110.66,-16.31,-13.73,110.77,-15.02
1997.8,418375,-8.73,116.34,-15.93,-7.43,116.48,-14.63
1997.8,453687,-13.18,114.94,-15.42,-11.86,115.07,-14.1
1997.8,457927,-16.56,114.9,-15.72,-15.24,114.99,-14.4
1997.8,458213,-13.72,116.71,-16.45,-12.39,116.77,-15.12
1997.9,458614,-17.47,119.65,-17.65,-16.14,119.64,-16.32
1997.9,452668,-20.02,117.33,-18.7,-18.7,117.29,-17.36
1997.9,461741,-17.92,120.07,-19.98,-16.57,119.99,-18.63
1998.0,457573,-22.89,119.76,-21.29,-21.53,119.62,-19.94
1998.0,470446,-22.33,115.81,-22.37,-20.96,115.65,-21.01
1998.0,466103,-26.4,114.74,-23.14,-25.05,114.55,-21.78
1998.0,457486,-22.99,108.95,-23.58,-21.62,108.8,-22.2
1998.1,413152,-26.04,113.46,-23.74,-24.68,113.25,-22.35
1998.1,464700,-23.54,111.16,-23.79,-22.15,110.92,-22.39
1998.1,463716,-23.32,107.64,-23.82,-21.91,107.39,-22.41
1998.1,466324,-24.33,105.97,-23.8,-22.91,105.67,-22.38
1998.2,465792,-25.32,106.05,-23.67,-23.89,105.78,-22.24
1998.2,464629,-22.3,102.43,-23.4,-20.85,102.14,-21.96
1998.2,463679,-23.31,103.81,-23.21,-21.86,103.43,-21.76
1998.3,458792,-22.91,100.74,-22.96,-21.45,100.42,-21.51
1998.3,459360,-21.94,101.08,-22.98,-20.49,100.75,-21.52
1998.3,462167,-22.13,100.51,-23.31,-20.65,100.18,-21.85
1998.3,461653,-23.09,101.01,-24.02,-21.62,100.7,-22.55
1998.4,464750,-26.49,99.91,-25.1,-25.03,99.65,-23.63
1998.4,424189,-24.75,104.15,-26.17,-23.29,103.86,-24.69
1998.4,438071,-28.1,101.85,-27.3,-26.63,101.53,-25.82
1998.4,456892,-28.59,102.29,-27.77,-27.09,101.97,-26.28
1998.5,467689,-29.37,100.47,-27.84,-27.87,100.23,-26.35
1998.5,464417,-26.46,97.9,-27.72,-24.96,97.69,-26.21
1998.5,466393,-26.32,94.88,-27.54,-24.81,94.72,-26.04
1998.6,460129,-28.75,96.71,-27.21,-27.24,96.59,-25.7
1998.6,379989,-27.65,101.94,-26.93,-26.18,101.83,-25.41
1998.6,453212,-27,94.84,-26.01,-25.48,94.7,-24.49
1998.6,453643,-27.48,94.75,-25.27,-25.96,94.66,-23.74
1998.7,448144,-24.08,95.13,-24.16,-22.52,95.12,-22.62
1998.7,446077,-22.05,93.48,-23.04,-20.52,93.51,-21.5
1998.7,454751,-21.27,92.48,-22.02,-19.73,92.51,-20.47
1998.7,450647,-21.14,91.24,-21.27,-19.59,91.22,-19.72
1998.8,450681,-19.33,94.24,-20.38,-17.77,94.28,-18.82
1998.8,457108,-23.38,100.53,-19.87,-21.8,100.53,-18.3
1998.8,455719,-18.15,92.25,-19.75,-16.57,92.32,-18.16
1998.8,458494,-19.37,90.28,-19.97,-17.77,90.24,-18.38
1998.9,448476,-20.03,90.98,-20.41,-18.43,90.84,-18.81
1998.9,449937,-23.74,90.62,-20.77,-22.13,90.37,-19.16
1998.9,463591,-18.09,89.12,-21.18,-16.46,88.92,-19.56
1999.0,434736,-22.42,88.59,-21.59,-20.79,88.37,-19.97
1999.0,438049,-21.89,88.02,-22.03,-20.27,87.78,-20.4
1999.0,446380,-23.75,87.89,-22.48,-22.13,87.59,-20.84
1999.0,468328,-21.95,86.61,-22.89,-20.29,86.21,-21.24
1999.1,476215,-28.18,95.84,-23.16,-26.54,95.36,-21.49
1999.1,466063,-26.9,91.91,-23.2,-25.23,91.5,-21.51
1999.1,337311,-20.22,91.02,-23.08,-18.49,90.6,-21.39
1999.1,467204,-23.28,89.5,-22.97,-21.6,89.03,-21.26
1999.2,467048,-22.08,89.49,-22.97,-20.37,88.97,-21.26
1999.2,467850,-23.87,91.56,-23.09,-22.15,91.04,-21.37
1999.2,466320,-22.53,94.13,-23.31,-20.8,93.53,-21.59
1999.3,469939,-24.66,94.57,-23.51,-22.93,93.96,-21.78
1999.3,470105,-22.63,94.25,-23.86,-20.88,93.76,-22.12
1999.3,448145,-27.63,101.72,-24.38,-25.89,101.26,-22.64
1999.3,466655,-25.37,92.11,-25.01,-23.63,91.62,-23.26
1999.4,467505,-23.93,89.77,-25.61,-22.18,89.3,-23.85
1999.4,468096,-28,90.06,-26.05,-26.25,89.56,-24.29
1999.4,466586,-25.82,88.43,-26.24,-24.05,88.01,-24.48
1999.4,466867,-28.46,88.83,-26.13,-26.69,88.43,-24.36
1999.5,467583,-25.88,85.35,-25.58,-24.11,84.93,-23.81
1999.5,460077,-24.4,86.12,-25.1,-22.61,85.77,-23.32
1999.5,460374,-24.11,85.65,-24.39,-22.33,85.36,-22.61
1999.6,456149,-24.51,86.03,-23.6,-22.72,85.76,-21.81
1999.6,456648,-22.88,87.21,-22.66,-21.1,87.03,-20.87
1999.6,451415,-22.82,87.56,-21.47,-21.03,87.46,-19.67
1999.6,452254,-17.72,86.15,-19.93,-15.92,86.11,-18.12
1999.7,178416,-22.22,96.65,-18.13,-20.37,96.62,-16.32
1999.7,454482,-17.4,88.08,-16.41,-15.57,88.08,-14.58
1999.7,451890,-14.5,87.88,-15.02,-12.67,87.93,-13.19
1999.7,447930,-15.14,90.06,-14.27,-13.3,90.16,-12.43
1999.8,450034,-10.26,88.04,-13.49,-8.4,88.14,-11.64
1999.8,450177,-11.89,88.57,-13.39,-10.07,88.56,-11.53
1999.8,461828,-13.7,88.84,-13.77,-11.84,88.82,-11.91
1999.9,461089,-15.31,90.09,-14.13,-13.43,90.11,-12.26
1999.9,448944,-14.68,88.09,-14.56,-12.77,88.05,-12.67
1999.9,465623,-16.11,87.37,-14.83,-14.22,87.23,-12.94
1999.9,445588,-14.08,92.05,-15.05,-12.21,91.86,-13.14
2000.0,469932,-13.59,86.82,-15.4,-11.66,86.6,-13.49
2000.0,466291,-13.53,86.21,-16,-11.62,85.94,-14.08
2000.0,464501,-19.15,84.6,-16.78,-17.23,84.29,-14.86
2000.0,473661,-17.31,85.45,-17.64,-15.38,85.16,-15.71
2000.1,467361,-16.68,87.54,-18.41,-14.74,87.11,-16.47
2000.1,466539,-21.21,88.53,-19.03,-19.27,87.99,-17.09
2000.1,469893,-21.54,89.01,-19.65,-19.61,88.53,-17.7
2000.2,421424,-19.09,90.68,-19.83,-17.13,90.1,-17.87
2000.2,457896,-19.81,90.81,-19.81,-17.83,90.25,-17.84
2000.2,468956,-20.76,92.05,-19.75,-18.77,91.43,-17.77
2000.2,466876,-17.62,92.93,-19.88,-15.62,92.34,-17.89
2000.3,272137,-21.9,99.74,-20.41,-19.92,99.15,-18.4
2000.3,468328,-19.96,90.88,-21.3,-17.95,90.34,-19.28
2000.3,465552,-21.65,91.31,-22.27,-19.62,90.77,-20.25
2000.3,467755,-24.7,91.18,-23.07,-22.67,90.58,-21.04
2000.4,466247,-24.95,91.31,-23.43,-22.92,90.81,-21.4
2000.4,466746,-24.04,89.6,-23.82,-22,89.22,-21.78
2000.4,465723,-22.92,88.17,-23.83,-20.85,87.78,-21.79
2000.5,466911,-23.97,87.02,-23.87,-21.92,86.57,-21.83
2000.5,465061,-24.74,88.21,-23.77,-22.71,87.84,-21.72
2000.5,463298,-24.13,86.87,-23.49,-22.08,86.49,-21.44
2000.5,455818,-22.21,87.44,-22.91,-20.14,87.15,-20.85
2000.6,428809,-22.07,92.74,-21.93,-20.03,92.48,-19.87
2000.6,451029,-23.77,86.71,-20.62,-21.7,86.57,-18.55
2000.6,442838,-19.36,85.53,-19.19,-17.31,85.39,-17.12
2000.6,454562,-15.58,86.61,-17.59,-13.51,86.63,-15.52
2000.7,451755,-18.09,87.82,-16.24,-16.01,87.8,-14.16
2000.7,451726,-17.03,89.5,-14.57,-14.94,89.54,-12.48
2000.7,438243,-11.8,86.27,-13.05,-9.71,86.38,-10.95
2000.7,447635,-8.27,83.88,-11.39,-6.14,84.07,-9.28
2000.8,456391,-7.83,83.76,-10.4,-5.71,83.91,-8.28
2000.8,455979,-10.64,86.41,-10.05,-8.51,86.55,-7.92
2000.8,438267,-2.42,92.11,-10.31,-0.28,92.4,-8.17
2000.9,458671,-8.94,84.79,-11.17,-6.77,84.92,-9.03
2000.9,416078,-12.01,85.39,-11.88,-9.91,85.34,-9.73
2000.9,437408,-12.29,84.01,-12.81,-10.12,83.85,-10.66
2000.9,466141,-14.23,84.71,-13.7,-12.09,84.48,-11.53
2001.0,473528,-15.51,85.31,-14.49,-13.32,85.05,-12.31
2001.0,470078,-14.78,83.08,-15.04,-12.58,82.75,-12.85
2001.0,466744,-17.01,82.77,-15.7,-14.79,82.43,-13.5
2001.0,386154,-15.47,88.02,-16.09,-13.22,87.64,-13.88
2001.1,470140,-16.66,83.97,-16.26,-14.44,83.45,-14.04
2001.1,471382,-15.34,86.36,-16.21,-13.11,85.92,-13.98
2001.1,469494,-18.73,88.44,-16,-16.51,87.92,-13.75
2001.2,467507,-15.45,88.52,-15.72,-13.19,87.96,-13.47
2001.2,468813,-11.71,87.65,-15.51,-9.45,87.12,-13.24
2001.2,463639,-17.83,87.55,-15.54,-15.54,86.84,-13.27
2001.2,464674,-15.12,87.94,-15.52,-12.84,87.18,-13.24
2001.3,465744,-15.68,88.51,-15.75,-13.37,87.77,-13.46
2001.3,466786,-14.11,86.41,-16.16,-11.82,85.76,-13.86
2001.3,467671,-16.81,87,-16.75,-14.5,86.37,-14.45
2001.3,464756,-18.39,86.1,-17.4,-16.07,85.59,-15.09
2001.4,466784,-18.57,84.21,-17.91,-16.26,83.73,-15.59
2001.4,464358,-18.62,83.8,-18.12,-16.31,83.24,-15.8
2001.4,463281,-18.71,83.72,-17.92,-16.37,83.26,-15.6
2001.5,465361,-19.63,84.06,-17.28,-17.32,83.62,-14.96
2001.5,453490,-16.49,84.11,-16.31,-14.18,83.8,-13.99
2001.5,463435,-13.84,83.82,-15.25,-11.52,83.62,-12.92
2001.5,455754,-12.2,83.25,-14.3,-9.85,83.12,-11.96
2001.6,449711,-15.78,84.74,-13.51,-13.41,84.65,-11.16
2001.6,443014,-11.15,84.85,-12.72,-8.82,84.83,-10.37
2001.6,457960,-13.41,84.16,-11.67,-11.06,84.07,-9.32
2001.6,457137,-13.09,85.84,-10.21,-10.71,85.94,-7.84
2001.7,449537,-9.49,85.92,-8.41,-7.12,86.17,-6.04
2001.7,447166,-3.04,86.14,-6.69,-0.65,86.5,-4.31
2001.7,446135,-3.39,84.35,-5.56,-1.02,84.69,-3.17
2001.8,451810,-0.99,83.95,-5.21,1.4,84.29,-2.82
2001.8,456477,-6.66,84.41,-5.43,-4.25,84.74,-3.03
2001.8,456359,-10.65,88.01,-5.76,-8.24,88.29,-3.34
2001.8,457541,-5.36,86.53,-5.96,-2.94,86.91,-3.54
2001.9,460509,-2.2,85.92,-6.21,0.23,86.23,-3.78
2001.9,425295,-6.23,84.63,-6.78,-3.79,84.7,-4.34
2001.9,465064,-6.85,83.72,-7.7,-4.4,83.71,-5.25
2001.9,464691,-11.23,83.16,-8.76,-8.76,83.07,-6.3
2002.0,464322,-10.45,83.89,-9.71,-7.98,83.78,-7.24
2002.0,467235,-8.25,84.71,-10.44,-5.77,84.62,-7.97
2002.0,458572,-13.65,84.74,-10.96,-11.16,84.45,-8.48
2002.1,462666,-11.73,82.11,-11.28,-9.26,81.75,-8.79
2002.1,466100,-10.07,83.23,-11.42,-7.61,82.93,-8.93
2002.1,464939,-12.82,82.89,-11.5,-10.31,82.55,-9
2002.1,468415,-11.83,83.04,-11.62,-9.31,82.69,-9.11
2002.2,460917,-8.42,81.32,-11.89,-5.88,80.9,-9.36
2002.2,463173,-13.84,82.91,-12.31,-11.32,82.25,-9.77
2002.2,462179,-13.89,82.06,-12.79,-11.34,81.4,-10.24
2002.2,466094,-13.19,83.96,-13.26,-10.63,83.27,-10.7
2002.3,463944,-11.49,82.62,-13.71,-8.9,82.05,-11.13
2002.3,433538,-16.34,80.25,-14.13,-13.77,79.64,-11.55
2002.3,461059,-14.46,80.89,-14.52,-11.85,80.43,-11.93
2002.4,468759,-14.93,81.1,-14.89,-12.32,80.53,-12.29
2002.4,480748,-14.03,82.81,-15.27,-11.42,82.36,-12.66
2002.4,480310,-14.91,81.42,-15.59,-12.3,81.03,-12.98
2002.4,478850,-18.89,81.43,-15.62,-16.29,80.99,-13.02
2002.5,474824,-17.83,80.25,-15.14,-15.23,79.85,-12.54
2002.5,472919,-13.07,82.81,-14.09,-10.48,82.41,-11.48
2002.5,476805,-13.61,84.1,-12.6,-11,83.87,-9.99
2002.5,468440,-10.97,84.14,-10.9,-8.35,84.13,-8.29
2002.6,469184,-8.9,85.15,-9.21,-6.29,85.33,-6.59
2002.6,467206,-6.92,83.4,-7.71,-4.32,83.61,-5.09
2002.6,467574,-3.97,86.14,-6.52,-1.35,86.44,-3.9
2002.7,463771,-6.66,88.11,-5.6,-4.03,88.45,-2.97
2002.7,462445,-5.39,92.58,-4.81,-2.76,92.99,-2.17
2002.7,463055,-4.2,92.38,-4,-1.54,92.8,-1.35
2002.7,464519,-2.24,91.64,-3.14,0.42,92.05,-0.47
2002.8,464650,-3.7,91.46,-2.28,-1.02,91.82,0.39
2002.8,465878,-1.13,95.76,-1.6,1.56,96.28,1.08
2002.8,463071,2.86,96.1,-1.32,5.57,96.64,1.37
2002.8,467194,-1.98,95.04,-1.56,0.68,95.36,1.13
2002.9,473042,-1.46,92.65,-2.28,1.22,92.91,0.42
2002.9,476314,-2.92,91.69,-3.29,-0.21,91.87,-0.57
2002.9,476671,-5.4,91.56,-4.38,-2.66,91.71,-1.65
2002.9,478361,-5.68,91.94,-5.38,-2.92,92.09,-2.64
2003.0,481306,-5.72,90.15,-6.18,-2.97,90.22,-3.44
2003.0,481332,-7.88,89.65,-6.67,-5.14,89.45,-3.92
2003.0,481369,-10.39,90.61,-6.8,-7.62,90.32,-4.04
2003.1,472170,-4.53,87.68,-6.71,-1.8,87.53,-3.96
2003.1,480404,-5.52,87.44,-6.72,-2.74,87.21,-3.96
2003.1,478605,-4.09,86.95,-7.01,-1.34,86.75,-4.24
2003.1,478913,-9.63,88.55,-7.51,-6.85,88.26,-4.73
2003.2,471223,-9.64,89.53,-7.97,-6.84,89.15,-5.18
2003.2,477875,-8.79,90.44,-8.21,-6.01,90.07,-5.41
2003.2,478259,-7.53,88.42,-8.3,-4.71,88.03,-5.48
2003.2,473641,-7.43,86.66,-8.41,-4.6,86.32,-5.59
2003.3,457051,-8.14,85.28,-8.69,-5.31,84.88,-5.85
2003.3,475093,-9.25,86.3,-9.11,-6.41,85.8,-6.26
2003.3,478054,-10.24,85.95,-9.58,-7.37,85.56,-6.73
2003.4,484144,-10.32,84.8,-10.05,-7.45,84.4,-7.18
2003.4,476264,-9.43,85.59,-10.5,-6.55,85.21,-7.62
2003.4,478279,-10.65,83.48,-10.89,-7.76,83.14,-8.01
2003.4,476053,-13.61,83.88,-11.12,-10.73,83.58,-8.24
2003.5,474498,-10.62,82.46,-11.06,-7.74,82.39,-8.18
2003.5,472657,-12.4,83.25,-10.65,-9.51,83.24,-7.76
2003.5,472237,-10.25,84.41,-9.94,-7.36,84.45,-7.05
2003.5,468807,-7.87,85.02,-9.03,-5,85.24,-6.14
2003.6,462796,-9,86.43,-7.99,-6.1,86.61,-5.1
2003.6,463840,-6.48,85.65,-6.81,-3.6,86.05,-3.92
2003.6,464627,-8.24,85.55,-5.46,-5.33,85.93,-2.56
2003.7,464638,-2.27,88.78,-4.02,0.63,89.24,-1.12
2003.7,461722,-1.05,87.13,-2.66,1.84,87.61,0.25
2003.7,421051,-2.08,87.16,-1.49,0.83,87.74,1.42
2003.7,461362,-0.59,88.75,-0.57,2.33,89.39,2.35
2003.8,460487,1.6,89.56,0.05,4.52,90.22,2.98
2003.8,465592,0.22,88.96,0.23,3.16,89.51,3.17
2003.8,464118,3.95,90.58,-0.1,6.9,91.24,2.85
2003.8,467282,-1.21,90.37,-0.86,1.72,90.9,2.12
2003.9,405682,-3.06,87.59,-1.71,-0.12,88.01,1.29
2003.9,81829,-5.96,94.56,-2.35,-2.76,94.7,0.67
2003.9,472820,-1.11,87.15,-2.7,1.89,87.33,0.33
2004.0,478832,-0.81,85.64,-2.89,2.2,85.81,0.14
2004.0,484426,-4.55,85.41,-3.06,-1.52,85.36,-0.02
2004.0,484024,-5.42,85.11,-3.28,-2.39,84.9,-0.24
2004.0,475554,-0.74,87.18,-3.69,2.32,87.2,-0.65
2004.1,474247,-1.5,86.22,-4.41,1.55,86.13,-1.36
2004.1,482153,-5.32,84.05,-5.36,-2.27,83.78,-2.3
2004.1,348570,-11.11,86.05,-6.22,-8.1,85.48,-3.14
2004.1,301505,-7.32,83.24,-6.68,-4.14,82.81,-3.59
2004.2,481309,-5.5,84.9,-6.72,-2.4,84.44,-3.61
2004.2,479280,-7.21,85.88,-6.55,-4.11,85.45,-3.43
2004.2,476235,-5.95,86.62,-6.44,-2.81,86.31,-3.31
2004.3,376307,-5.22,87.55,-6.55,-2.07,86.99,-3.41
2004.3,477353,-6.91,87.76,-7.03,-3.77,87.18,-3.89
2004.3,477856,-5.25,86,-7.91,-2.09,85.39,-4.76
2004.3,481968,-9.67,83.55,-9.04,-6.52,83.11,-5.89
2004.4,483783,-10.99,83.57,-10.14,-7.84,83.06,-6.99
2004.4,479701,-13.9,86.05,-10.87,-10.75,85.53,-7.72
2004.4,479534,-10.79,84.11,-11.03,-7.64,83.77,-7.87
2004.4,480036,-12.46,83.28,-10.57,-9.3,83.02,-7.41
2004.5,472118,-11.74,84.41,-9.66,-8.56,84.2,-6.5
2004.5,463312,-5.98,83.31,-8.58,-2.83,83.28,-5.42
2004.5,468236,-6.15,84.11,-7.58,-2.99,84.07,-4.42
2004.6,468055,-6.97,86.17,-6.69,-3.82,86.2,-3.54
2004.6,461955,-7.89,83.96,-5.75,-4.74,84.09,-2.6
2004.6,462182,-5.75,85.3,-4.58,-2.59,85.58,-1.42
2004.6,466520,-2.24,87.27,-3.17,0.91,87.74,0
2004.7,462982,-1.47,88.21,-1.67,1.72,88.65,1.51
2004.7,459459,-1.09,89.08,-0.32,2.1,89.63,2.86
2004.7,458587,4.54,90.08,0.7,7.73,90.71,3.89
2004.7,460318,0.86,87.65,1.29,4.06,88.29,4.49
2004.8,460514,1.47,89.3,1.47,4.66,90.04,4.68
2004.8,452769,3.23,87.73,1.33,6.48,88.47,4.55
2004.8,459414,0.07,88.42,1.02,3.28,88.92,4.25
2004.8,468700,0.37,88.64,0.65,3.61,89.2,3.9
2004.9,469369,1.15,88.71,0.35,4.41,89.18,3.61
2004.9,468501,-2.47,87.74,0.16,0.83,88.03,3.43
2004.9,477108,1.51,87.15,0,4.78,87.44,3.28
2005.0,470108,0.07,87.53,-0.32,3.37,87.74,2.97
2005.0,481383,2.82,85.87,-0.88,6.11,86.2,2.42
2005.0,485027,-4.05,87.15,-1.55,-0.74,87.18,1.75
2005.0,476557,-5.01,86.45,-2.06,-1.72,86.42,1.25
2005.1,478441,-1.95,86.25,-2.21,1.39,86.14,1.11
2005.1,481041,-1.76,85.16,-2.04,1.56,84.93,1.29
2005.1,471260,-1.52,86.3,-1.73,1.82,86.07,1.6
2005.1,466589,-2.73,87.43,-1.52,0.62,87.07,1.82
2005.2,477433,1.5,90.65,-1.57,4.85,90.33,1.78
2005.2,477077,0.28,90.26,-1.92,3.62,89.99,1.44
2005.2,468729,-5.77,86.63,-2.45,-2.4,86.29,0.93
2005.3,481943,-4.19,84.23,-2.97,-0.81,83.83,0.42
2005.3,476192,-0.23,84.53,-3.4,3.19,84.14,0
2005.3,477959,-5.28,85.94,-3.76,-1.83,85.64,-0.35
2005.3,479677,-4.92,86.1,-4.04,-1.53,85.82,-0.62
2005.4,478506,-4.22,85.72,-4.21,-0.8,85.25,-0.8
2005.4,474052,-3.7,84.87,-4.27,-0.29,84.44,-0.86
2005.4,481976,-4.8,83.79,-4.22,-1.38,83.64,-0.79
2005.4,481595,-4.89,83.48,-4.02,-1.46,83.37,-0.59
2005.5,476251,-3.54,82.53,-3.67,-0.1,82.48,-0.24
2005.5,473700,-4.34,83.68,-3.18,-0.91,83.62,0.26
2005.5,467736,-0.76,82.53,-2.62,2.67,82.9,0.82
2005.6,468959,-2.99,83.14,-2.01,0.46,83.35,1.43
2005.6,453997,-1.87,83.07,-1.29,1.57,83.38,2.15
2005.6,463312,-0.78,82.6,-0.36,2.66,83.05,3.09
2005.6,457717,-0.15,83.14,0.82,3.28,83.67,4.28
2005.7,460882,1.51,84.01,2.18,4.96,84.53,5.65
2005.7,461748,4.44,86.09,3.51,7.92,86.73,6.98
2005.7,267180,6.87,92.95,4.55,10.37,93.63,8.03
2005.7,288616,6.33,84.87,5.17,9.87,85.8,8.66
2005.8,459566,5.62,84.06,5.49,9.09,84.72,8.98
2005.8,463732,3.71,84.18,5.74,7.2,84.68,9.23
2005.8,462887,5.08,86.64,6.09,8.56,87.21,9.58
2005.9,466555,8.01,87.9,6.43,11.48,88.57,9.94
2005.9,465250,8.3,86.87,6.53,11.83,87.35,10.05
2005.9,472885,7.51,84.44,6.17,11.08,84.9,9.72
2005.9,478930,5.41,83.59,5.33,8.97,84,8.89
2006.0,480010,4.63,84.65,4.1,8.2,84.76,7.66
2006.0,476881,4.02,84.95,2.64,7.61,84.95,6.22
2006.0,481582,-0.22,82.73,1.18,3.36,82.55,4.76
2006.0,483074,-1.89,83.27,-0.06,1.68,83.1,3.53
2006.1,482020,-1.37,84.98,-0.94,2.22,84.71,2.65
2006.1,479350,-1.55,85.9,-1.47,2.07,85.62,2.14
2006.1,476331,-2.85,85.76,-1.75,0.75,85.25,1.86
2006.2,477682,-1.52,87.76,-1.98,2.09,87.23,1.66
2006.2,477787,0.36,87.94,-2.25,4.02,87.41,1.4
2006.2,481001,-5.19,89.35,-2.59,-1.51,88.74,1.07
2006.2,481869,-2.7,89.19,-2.96,0.97,88.56,0.71
2006.3,478745,-2.49,86.41,-3.32,1.19,85.87,0.36
2006.3,474526,-3.51,87,-3.62,0.18,86.36,0.07
2006.3,474075,-4.98,86.64,-3.77,-1.27,86.09,-0.08
2006.3,475375,-5.34,84.69,-3.73,-1.65,84.27,-0.03
2006.4,476287,-3.02,83.91,-3.5,0.65,83.63,0.2
2006.4,474218,-1.47,83.9,-3.16,2.26,83.81,0.54
2006.4,472424,-3.99,83.79,-2.74,-0.31,83.57,0.95
2006.5,477483,-3.37,83.98,-2.19,0.33,83.83,1.51
2006.5,476229,-2.33,82.24,-1.45,1.38,82.32,2.25
2006.5,468973,0.2,81.95,-0.62,3.89,82.21,3.07
2006.5,474990,1.71,82.59,0.11,5.39,82.82,3.8
2006.6,466158,0.9,81.89,0.69,4.57,82.31,4.38
2006.6,467641,1.27,83.3,1.26,4.96,83.73,4.95
2006.6,466053,-0.92,86.05,2.09,2.76,86.41,5.78
2006.6,461079,1.77,86.17,3.33,5.47,86.75,7.03
2006.7,457922,5.4,89.09,4.83,9.13,89.9,8.54
2006.7,458823,8.17,88.49,6.24,11.88,89.37,9.95
2006.7,448801,10.45,89.18,7.25,14.16,90.14,10.97
2006.7,460704,6.71,89.11,7.85,10.46,90.08,11.57
2006.8,457410,6.72,90.04,8.17,10.44,91.02,11.89
2006.8,463368,9.74,89.15,8.31,13.49,90.12,12.03
2006.8,204019,9.68,90.2,8.17,13.29,91.15,11.9
2006.9,366782,8.47,89.49,6.68,12.3,90.04,10.45
2006.9,475061,3.5,87.61,5.7,7.28,88.01,9.49
2006.9,461326,6.56,87.89,4.78,10.31,88.34,8.59
2007.0,479795,3.55,86.47,3.89,7.41,86.75,7.71
2007.0,484008,3.16,83.7,2.98,7.01,83.95,6.81
2007.0,480513,2.01,82.69,2.13,5.87,82.73,5.98
2007.0,478495,0.77,83.7,1.28,4.61,83.54,5.13
2007.1,478535,-0.04,86.03,0.71,3.83,85.94,4.57
2007.1,482193,-0.93,86.89,0.43,2.92,86.55,4.31
2007.1,477375,-0.52,85.82,0.39,3.38,85.37,4.27
2007.2,481245,3.13,88.15,0.41,7.04,87.81,4.31
2007.2,478752,-0.1,90.13,0.38,3.77,89.78,4.29
2007.2,476954,0.02,89.94,0.3,3.93,89.54,4.22
2007.2,477098,-1.46,88.28,0.2,2.51,87.86,4.13
2007.3,476659,1.67,89.12,0.03,5.63,88.86,3.98
2007.3,475841,1.24,86.51,-0.31,5.21,86.11,3.65
2007.3,475043,0.25,84.98,-0.84,4.21,84.57,3.12
2007.3,475774,-4.66,85.19,-1.41,-0.69,84.74,2.55
2007.4,477550,-1.6,85.22,-1.84,2.35,85.03,2.12
2007.4,473090,-1.82,83.35,-2.05,2.13,83.26,1.92
2007.4,478194,-2.38,83.07,-2.08,1.58,82.89,1.89
2007.5,474958,-2.79,81.96,-1.99,1.18,81.78,1.98
2007.5,475229,-1.26,83.99,-1.84,2.73,84.06,2.13
2007.5,474161,-1.35,84.66,-1.62,2.61,84.79,2.36
2007.5,472106,-1.68,82.16,-1.24,2.3,82.45,2.75
2007.6,464446,-2.92,81.21,-0.6,1.08,81.44,3.39
2007.6,465478,-1.06,83.11,0.27,2.93,83.42,4.26
2007.6,463210,5.01,82.8,1.21,8.99,83.31,5.21
2007.6,461334,2.07,82.64,2.07,6.09,83.32,6.07
2007.7,462666,1.37,84.63,2.86,5.37,85.37,6.87
2007.7,460166,2.26,86.17,3.67,6.27,86.95,7.69
2007.7,462923,6.47,88.2,4.55,10.5,89.11,8.57
2007.8,464384,5.67,88.27,5.42,9.7,89.33,9.45
2007.8,458575,5.3,88.25,6.23,9.33,89.15,10.27
2007.8,465652,7.91,87.3,6.97,11.94,88.26,11.01
2007.8,469975,6.89,85.89,7.59,10.94,86.62,11.64
2007.9,473297,8.73,85.74,7.91,12.78,86.27,11.97
2007.9,474650,10.86,85.08,7.69,14.95,85.73,11.76
2007.9,473374,8.88,83.8,6.81,12.96,84.41,10.89
2007.9,479715,6.42,82.56,5.41,10.51,83,9.5
2008.0,478694,0.64,81.73,3.92,4.75,81.86,8.01
2008.0,480235,0.89,85.62,2.69,4.95,85.5,6.78
2008.0,480821,1.81,85.64,1.82,5.95,85.49,5.92
2008.1,479854,2.87,85.54,1.19,6.97,85.5,5.29
2008.1,478949,0.92,86.08,0.66,5,85.94,4.76
2008.1,473657,-2.72,89.45,0.24,1.38,89.07,4.35
2008.1,476326,1.06,90.89,0.01,5.18,90.45,4.12
2008.2,477074,-1.35,90.98,-0.05,2.77,90.36,4.07
2008.2,478417,0.88,91.37,-0.11,5,90.75,4.03
2008.2,477046,1.55,89.92,-0.34,5.69,89.37,3.82
2008.2,475431,-1.12,90.21,-0.79,3.07,89.56,3.39
2008.3,472772,-1.41,89.57,-1.33,2.8,88.91,2.87
2008.3,472393,-2.02,89.42,-1.69,2.21,88.97,2.53
2008.3,472245,-4.59,88.73,-1.57,-0.32,88.28,2.66
2008.4,209043,-3.6,87.57,-0.86,0.63,87.22,3.37
2008.4,475778,1.52,85.02,0.25,5.76,85.02,4.49
2008.4,479722,3.71,85.59,1.4,7.96,85.6,5.64
2008.4,477387,2.76,85.19,2.29,7,85.17,6.53
2008.5,474771,3.01,82.61,2.84,7.23,82.68,7.08
2008.5,474275,3.49,83.2,3.15,7.72,83.59,7.38
2008.5,475170,3.2,82.82,3.38,7.46,83.3,7.62
2008.5,455535,2.93,83.78,3.68,7.13,84.42,7.93
2008.6,466933,4,85.75,4.15,8.26,86.43,8.41
2008.6,456021,3.72,85.31,4.82,8.01,85.83,9.08
2008.6,464058,6.02,85.67,5.65,10.27,86.4,9.92
2008.6,451789,6.39,86.3,6.57,10.69,87.16,10.85
2008.7,455085,8.2,87.03,7.51,12.5,88.09,11.8
2008.7,461597,7.73,88.21,8.43,12,89.37,12.72
2008.7,461259,9.61,87.92,9.3,13.9,89.09,13.59
2008.8,462183,10.28,85.64,10.04,14.59,86.77,14.34
2008.8,465334,11.72,87.24,10.58,16.03,88.4,14.88
2008.8,464363,12.05,87.22,10.84,16.35,88.43,15.15
2008.8,465768,10.27,85.73,10.87,14.58,86.71,15.2
2008.9,469660,10.84,86.53,10.73,15.18,87.52,15.07
2008.9,473508,9.39,87.23,10.38,13.76,88.16,14.74
2008.9,469751,14.05,86.85,9.72,18.45,87.59,14.09
2008.9,476348,9.27,85.95,8.73,13.64,86.58,13.1
2009.0,478144,4.91,84.04,7.58,9.25,84.26,11.96
2009.0,484446,6.14,86.26,6.51,10.53,86.23,10.88
2009.0,368297,5.55,86.06,5.63,9.97,85.99,10.01
2009.1,475105,5.6,85.2,4.97,9.91,85.26,9.36
2009.1,478423,3.56,84.99,4.53,7.94,84.84,8.93
2009.1,481463,2.53,85.93,4.35,6.99,85.64,8.76
2009.1,481081,4.54,86.06,4.44,8.98,85.76,8.87
2009.2,477041,4.86,86.63,4.69,9.3,86.41,9.14
2009.2,476608,5.14,86.57,4.95,9.62,86.36,9.41
2009.2,476654,6.22,85.9,5.06,10.7,85.63,9.53
2009.2,475373,5.19,86.27,4.97,9.67,85.86,9.45
2009.3,478983,4.89,86.66,4.72,9.38,86.3,9.2
2009.3,480783,4.08,85.42,4.39,8.58,85.18,8.88
2009.3,463140,3.64,84.39,4.05,8.14,84.13,8.55
2009.4,473448,4.48,85.1,3.74,8.95,85.18,8.25
2009.4,478786,3.27,83.55,3.53,7.8,83.65,8.04
2009.4,458633,1.81,82.3,3.44,6.35,82.39,7.96
2009.4,471379,3.54,82.23,3.52,8.05,82.6,8.04
2009.5,477223,4.92,80.5,3.77,9.45,80.86,8.3
2009.5,468816,3.27,78.71,4.25,7.82,79.24,8.79
2009.5,472709,2.22,79.88,5.07,6.75,80.46,9.61
2009.5,466781,5.42,80.54,6.25,9.97,81.21,10.79
2009.6,466050,10.18,82.11,7.67,14.72,82.85,12.21
2009.6,465927,8.63,83.32,9.19,13.18,84.41,13.73
2009.6,458260,9.53,85.54,10.78,14.08,86.87,15.32
2009.7,461517,11.83,85.83,12.45,16.39,87.19,17
2009.7,458154,14.59,86.69,14.14,19.1,87.99,18.69
2009.7,459223,17.65,87.76,15.65,22.22,89.3,20.21
2009.7,460158,17.7,88.45,16.84,22.27,89.97,21.4
2009.8,461292,17.44,87.66,17.66,22.01,89.29,22.22
2009.8,460242,18.47,87.01,18.12,23.01,88.52,22.69
2009.8,462022,19.67,88.37,18.2,24.25,89.99,22.79
2009.8,465209,20.06,91.17,17.88,24.65,92.58,22.47
2009.9,469884,15.64,88.86,17.18,20.26,89.97,21.79
2009.9,472514,17.67,90.26,16.21,22.3,91.5,20.83
2009.9,472804,15.63,89.48,15.1,20.23,90.52,19.73
2010.0,480214,11.45,87.64,13.93,16.12,88.55,18.58
2010.0,482129,15.09,89.16,12.73,19.74,90.13,17.39
2010.0,483391,11.23,88.55,11.51,15.91,89.14,16.19
2010.0,478403,10.38,87.33,10.4,15.07,87.58,15.08
2010.1,480770,8.2,86,9.64,12.89,86.14,14.33
2010.1,479711,5.19,86.04,9.42,9.87,85.99,14.13
2010.1,479643,9.25,87.92,9.68,13.97,87.93,14.4
2010.1,481123,12.89,88.65,10,17.63,88.78,14.74
2010.2,478419,14.6,90.5,9.96,19.36,90.69,14.71
2010.2,476611,7.21,87.55,9.5,11.96,87.35,14.27
2010.2,477782,7.54,86.71,8.9,12.32,86.59,13.67
2010.3,478256,7.19,87.79,8.45,11.98,87.67,13.24
2010.3,479481,8.92,86.17,8.27,13.73,85.99,13.07
2010.3,477940,8.77,85.05,8.3,13.55,84.76,13.1
2010.3,478844,7.32,85.12,8.47,12.14,84.89,13.28
2010.4,477225,7.53,85.4,8.78,12.37,85.41,13.6
2010.4,478057,10.66,85.22,9.18,15.48,85.34,13.99
2010.4,476474,9.61,83.76,9.54,14.42,83.98,14.35
2010.4,477803,9.8,86.01,9.79,14.59,86.51,14.6
2010.5,476176,10.67,85.65,9.91,15.49,86.13,14.71
2010.5,468484,10.14,84.42,9.92,14.95,84.91,14.72
2010.5,467926,8.78,83.6,9.9,13.57,84.29,14.7
2010.5,469097,10.38,82.87,9.9,15.16,83.6,14.69
2010.6,458536,10.36,83.26,9.94,15.15,84,14.74
2010.6,458901,8.9,86.16,10.06,13.7,87.31,14.86
2010.6,459743,11.04,86.86,10.31,15.84,88.09,15.11
2010.7,464192,8.7,87.89,10.72,13.53,89.15,15.53
2010.7,459393,11.73,89.54,11.29,16.54,90.88,16.1
2010.7,458324,12.74,90.88,11.93,17.53,92.39,16.75
2010.7,462648,12.45,90.39,12.55,17.31,91.65,17.38
2010.8,460581,11.95,92.52,13.06,16.76,93.65,17.89
2010.8,459965,15.68,92.75,13.3,20.54,94.09,18.14
2010.8,462458,14.68,92.79,13.12,19.54,93.86,17.98
2010.8,463516,12.95,92.88,12.48,17.78,93.74,17.35
2010.9,467909,12.75,89.99,11.48,17.65,91.02,16.36
2010.9,471418,8.63,90.85,10.35,13.53,91.49,15.25
2010.9,475174,8.75,90.95,9.32,13.67,91.34,14.24
2011.0,474991,7.62,89.7,8.48,12.59,89.86,13.41
2011.0,477691,9.18,92.02,7.77,14.09,92.15,12.71
2011.0,481606,6.53,92.2,7.11,11.5,92.2,12.06
2011.0,481574,6.19,94.3,6.48,11.15,94.34,11.42
2011.1,481744,6.1,93.24,5.88,11.07,92.95,10.83
2011.1,482071,4.95,92,5.34,9.89,91.63,10.3
2011.1,476121,4.48,91.88,4.85,9.33,91.49,9.82
2011.1,479307,4.86,92.16,4.37,9.87,91.87,9.35
2011.2,478761,4.21,93.03,3.84,9.27,92.8,8.84
2011.2,480075,4.33,92.92,3.31,9.35,92.46,8.33
2011.2,478205,-0.29,93.86,2.87,4.75,93.13,7.91
2011.3,476367,3.09,93.23,2.6,8.15,92.67,7.65
2011.3,477653,3.56,93.29,2.48,8.6,92.82,7.54
2011.3,478871,2.32,92.85,2.53,7.39,92.4,7.6
2011.3,479826,-0.27,90.01,2.78,4.81,89.59,7.86
2011.4,479939,4.22,88.28,3.27,9.31,87.99,8.35
2011.4,481483,4.76,86.06,3.94,9.85,85.92,9.03
2011.4,480212,2.97,85.82,4.7,8.07,85.81,9.78
2011.4,475744,5.82,83.86,5.42,10.89,84.07,10.5
2011.5,478663,8.61,83.93,6.02,13.66,84.38,11.1
2011.5,470762,5.87,83.15,6.55,10.97,83.52,11.62
2011.5,473616,5.72,81.63,7.2,10.77,82.03,12.27
2011.6,472450,6.08,82.5,8.2,11.15,83.34,13.28
2011.6,465730,8.61,84.08,9.62,13.69,84.97,14.7
2011.6,459917,12.57,84.91,11.25,17.64,85.94,16.33
2011.6,458528,13.73,87.28,12.79,18.81,88.55,17.87
2011.7,461230,15.82,88.41,14.02,20.92,89.84,19.1
2011.7,463982,15.06,90.42,14.98,20.14,91.86,20.06
2011.7,464295,13.8,89.26,15.81,18.88,90.63,20.9
2011.7,460432,16.52,89.87,16.55,21.64,91.17,21.65
2011.8,418017,19.1,90.38,17.05,24.15,91.91,22.15
2011.8,464839,20.83,91.82,17.09,25.96,93.52,22.2
2011.8,465495,16.16,91.09,16.71,21.23,92.48,21.83
2011.9,470639,13.74,90.37,16.18,18.9,91.61,21.32
2011.9,474877,14.59,87.34,15.77,19.77,88.36,20.93
2011.9,476863,17.44,88.11,15.55,22.64,89.16,20.73
2011.9,476227,14.98,86.14,15.45,20.15,87.3,20.64
2012.0,480483,15.12,86.26,15.42,20.34,87.14,20.62
2012.0,481487,14.29,87.68,15.44,19.49,88.3,20.65
2012.0,480707,16.81,84.36,15.49,22.03,84.97,20.7
2012.0,482556,15.05,83.88,15.49,20.26,84.31,20.71
2012.1,482041,16.7,86,15.36,21.94,86.23,20.59
2012.1,478068,14.4,86.22,15.06,19.61,86.53,20.29
2012.1,478554,15.73,88.02,14.64,20.99,88.11,19.87
2012.2,478860,14.1,88.06,14.18,19.37,88.03,19.42
2012.2,478946,12.13,89.58,13.82,17.34,89.54,19.06
2012.2,476584,13.25,90.93,13.62,18.46,90.82,18.87
2012.2,474451,14.44,89.42,13.56,19.71,89.37,18.83
2012.3,473592,13.1,90.11,13.56,18.4,90.09,18.85
2012.3,475051,13.61,89.24,13.58,18.93,89.28,18.89
2012.3,476841,13.8,89.73,13.59,19.15,89.85,18.91
2012.3,475528,13.52,89.64,13.6,18.84,89.83,18.93
2012.4,478620,14.05,88.01,13.72,19.39,88.55,19.05
2012.4,385039,12,85.14,14.02,17.34,85.63,19.36
2012.4,478130,13.52,85.56,14.58,18.87,86.11,19.91
2012.5,478272,17.42,85.68,15.37,22.76,86.41,20.71
2012.5,477592,15,84.8,16.37,20.31,85.8,21.7
2012.5,476338,15.53,84.64,17.56,20.89,85.68,22.89
2012.5,467122,19.53,85.46,18.85,24.85,86.83,24.18
2012.6,469483,22.18,86.45,20.05,27.52,87.97,25.38
2012.6,463745,21.5,87.59,21.06,26.78,89.24,26.38
2012.6,463028,22.34,88.56,21.92,27.69,90.48,27.24
2012.6,463417,19.66,89.09,22.84,24.98,91.07,28.18
2012.7,461938,24.87,90.24,23.99,30.22,92.36,29.33
2012.7,461907,24.13,88.59,25.31,29.46,90.66,30.66
2012.7,459753,28.37,89.61,26.57,33.74,91.75,31.93
2012.7,459839,28.6,91.6,27.52,33.99,93.83,32.87
2012.8,463565,29.93,89.9,28,35.27,92.16,33.36
2012.8,463127,28.07,88.91,28.05,33.4,91.04,33.43
2012.8,467626,27.34,88.36,27.83,32.74,90.54,33.22
2012.9,468673,27.96,87.26,27.48,33.35,89.22,32.89
2012.9,472957,27.06,86.27,27.09,32.48,88.07,32.52
2012.9,478004,25.77,84.91,26.68,31.24,86.62,32.12
2012.9,479243,28.34,84.91,26.19,33.84,86.48,31.66
2013.0,478341,24.41,85.52,25.64,29.86,86.77,31.11
2013.0,480556,25.67,85.78,25.04,31.16,86.95,30.53
2013.0,484195,23.94,84.82,24.47,29.44,85.74,29.96
2013.0,480765,23.05,86.71,23.96,28.56,87.5,29.47
2013.1,475029,24.7,86.32,23.52,30.2,87.18,29.04
2013.1,468987,22.95,85.21,23.16,28.49,86.1,28.68
2013.1,478753,21.38,85.99,22.86,26.91,86.35,28.4
2013.2,480658,22.99,88.55,22.62,28.53,88.86,28.17
2013.2,476845,23.56,89.62,22.35,29.1,90.03,27.92
2013.2,477810,21.78,90.06,21.96,27.39,90.49,27.55
2013.2,127800,21.8,87.83,21.41,27.32,88.39,27.02
2013.3,319572,21.96,90.7,20.76,27.71,91.03,26.37
2013.3,479245,17.64,88.35,20.07,23.26,88.56,25.69
2013.3,477818,20.09,91.06,19.37,25.71,91.51,25
2013.3,479207,20.22,92.21,18.64,25.79,92.84,24.26
2013.4,479795,17.68,90.72,17.86,23.33,91.17,23.49
2013.4,477877,15.85,89.57,17.17,21.53,89.87,22.79
2013.4,476725,15.83,88.11,16.71,21.46,88.49,22.34
2013.5,475192,15.42,86.16,16.61,21.02,86.84,22.23
2013.5,472195,17.53,84.56,16.87,23.12,85.49,22.49
2013.5,469443,15.66,84.81,17.46,21.29,86.03,23.07
2013.5,466805,17.45,84.38,18.24,23.05,85.72,23.85
2013.6,461351,20.83,86.11,19.06,26.44,87.58,24.68
2013.6,462272,21.74,85.31,19.81,27.37,87.1,25.44
2013.6,460459,17.81,86.09,20.56,23.45,87.82,26.18
2013.6,460966,20.71,86.13,21.44,26.36,88.11,27.06
2013.7,326536,22.31,85.85,22.53,27.83,87.99,28.16
2013.7,232596,24.26,87.78,23.75,29.97,89.87,29.38
2013.7,457947,25.46,89.99,24.94,31.1,91.96,30.58
2013.8,458345,26.45,91.65,25.98,32.1,93.77,31.62
2013.8,462750,26.5,90.78,26.8,32.14,93.05,32.44
2013.8,462180,28.78,89.77,27.3,34.39,92.01,32.95
2013.8,463747,28.86,90.74,27.41,34.5,93.16,33.07
2013.9,465668,27.4,88.02,27.06,33.07,90.17,32.74
2013.9,469982,27.36,87.47,26.32,33.07,89.53,32.02
2013.9,473676,26.59,87.55,25.36,32.34,89.49,31.07
2013.9,476189,21.36,85.76,24.41,27.07,87.48,30.13
2014.0,476406,23.09,86.97,23.67,28.8,88.48,29.39
2014.0,478664,24.15,86.05,23.17,29.83,87.31,28.9
2014.0,483061,22.15,85.52,22.88,27.9,86.62,28.61
2014.1,482798,22.75,85.88,22.77,28.54,86.94,28.51
2014.1,479559,21.48,87.41,22.85,27.2,88.29,28.6
2014.1,482233,22.35,87.68,23.11,28.12,88.48,28.87
2014.1,482671,24.91,88.3,23.41,30.68,89.04,29.17
2014.2,431256,24.51,90.21,23.57,30.23,90.91,29.33
2014.2,477867,23.59,89.24,23.48,29.36,89.87,29.25
2014.2,479499,23.17,89.66,23.1,28.98,90.29,28.9
2014.2,478865,23.77,88.79,22.45,29.54,89.57,28.27
2014.3,479944,22.11,87.09,21.58,27.97,87.75,27.42
2014.3,476251,20.52,86.6,20.59,26.38,87.33,26.45
2014.3,420393,18.32,87.45,19.68,24.26,88.47,25.55
2014.4,478769,18.46,86.6,19.02,24.31,87.6,24.91
2014.4,479187,17.51,87.22,18.72,23.42,88.04,24.62
2014.4,478023,18.85,86.06,18.82,24.77,87.01,24.71
2014.4,477754,18.06,85.82,19.31,23.94,86.75,25.2
2014.5,470895,18.96,83.64,20.16,24.86,85.08,26.05
2014.5,468899,20.97,83.72,21.29,26.87,85.46,27.17
2014.5,468868,23.58,83.48,22.54,29.46,85.45,28.41
2014.5,465127,24.65,84.05,23.79,30.5,85.92,29.66
2014.6,459180,22.99,85.54,25,28.86,87.57,30.87
2014.6,456455,27.2,87.02,26.18,33.01,89.37,32.04
2014.6,458427,27.89,87.79,27.26,33.77,90.41,33.13
2014.6,456821,28.7,88.9,28.21,34.6,91.63,34.09
2014.7,455203,28.94,90.28,29.04,34.82,93.11,34.92
2014.7,455496,30.31,92.75,29.84,36.21,95.59,35.73
2014.7,457462,28.58,91.69,30.67,34.48,94.47,36.57
2014.8,459238,31.46,91.6,31.44,37.35,94.33,37.35
2014.8,461799,35.62,93.58,31.91,41.51,96.44,37.83
2014.8,461771,33.98,92.17,31.86,39.94,95.04,37.79
2014.8,465705,30.52,92.72,31.37,36.48,95.35,37.33
2014.9,468775,30.52,93.12,30.81,36.46,95.68,36.78
2014.9,474992,27.14,90.87,30.48,33.15,93.27,36.47
2014.9,479333,28.74,88.91,30.43,34.76,91.51,36.44
2014.9,430588,36.08,91.73,30.39,42.03,94.08,36.4
2015.0,400953,31.34,90.27,30.11,37.46,92.35,36.14
2015.0,480615,26.1,88.92,29.71,32.17,90.57,35.75
2015.0,480256,28.64,90.52,29.49,34.61,92.21,35.53
2015.1,477225,28.65,88.82,29.65,34.68,90.45,35.68
2015.1,483777,30.55,91.44,30.11,36.6,93.14,36.14
2015.1,483733,30.25,92.57,30.62,36.29,93.99,36.65
2015.1,479571,33.58,93.36,30.94,39.57,95.1,36.96
2015.2,475346,31.58,91.41,30.97,37.58,93.02,37.01
2015.2,478192,29.65,93.31,30.82,35.66,94.79,36.87
2015.2,471586,29.92,94.59,30.61,36.05,96.05,36.69
2015.2,480463,31.18,94.76,30.43,37.28,96.23,36.53
2015.3,480858,30.19,95.04,30.2,36.32,96.36,36.32
2015.3,478175,30.78,95.22,29.84,36.87,96.68,35.98
2015.3,473249,30.35,93.7,29.41,36.55,95.24,35.56
2015.4,479450,27.41,93.85,29.11,33.62,95.48,35.27
2015.4,478025,26.19,94.21,29.19,32.33,95.83,35.35
2015.4,475422,29.73,95.36,29.75,35.88,97,35.91
2015.4,477649,30.58,95.99,30.7,36.74,97.54,36.85
2015.5,469790,32.13,95.48,31.83,38.25,97.49,37.98
2015.5,469412,33.52,96.92,32.99,39.67,99.28,39.14
2015.5,468089,33.25,97.78,34.13,39.43,100.3,40.29
2015.5,461755,35.78,97.56,35.27,41.94,100.25,41.44
2015.6,462545,36.43,101.76,36.47,42.61,104.49,42.65
2015.6,463893,37.58,103.78,37.8,43.79,106.85,43.98
2015.6,460938,36.53,103.94,39.26,42.7,106.89,45.44
2015.7,454170,43.2,106.19,40.76,49.4,109.5,46.95
2015.7,459534,43.35,109.83,42.16,49.53,113.1,48.35
2015.7,463665,42.93,107.54,43.35,49.12,110.75,49.54
2015.7,460182,44.27,109.91,44.32,50.47,113.13,50.52
2015.8,458036,45.57,113.82,45.05,51.75,117.12,51.25
2015.8,461886,46.47,114.25,45.42,52.68,117.46,51.63
2015.8,456934,48.42,115.32,45.34,54.61,118.57,51.56
2015.8,466593,44.61,113.94,44.82,50.87,116.93,51.05
2015.9,462852,41.85,112.08,43.99,48.06,115.02,50.23
2015.9,474976,45.3,112.71,42.96,51.58,115.54,49.21
2015.9,476638,42.9,111.07,41.76,49.15,113.87,48.03
2016.0,477871,39.71,108,40.55,46,110.36,46.82
2016.0,480681,38.14,107.22,39.58,44.41,109.52,45.86
2016.0,478886,35.56,104.74,39.06,41.83,106.8,45.35
2016.0,476925,39.4,106.99,38.98,45.74,109.05,45.28
2016.1,480386,41.9,106.35,39.12,48.24,108.39,45.42
2016.1,476861,37.47,103.46,39.24,43.71,105.48,45.56
2016.1,481425,40.01,101.54,39.28,46.33,103.56,45.6
2016.1,479171,39.23,101.66,39.24,45.58,103.75,45.58
2016.2,477248,39.39,102.8,39.13,45.79,104.73,45.49
2016.2,477533,37.82,102.98,38.9,44.18,104.52,45.27
2016.2,455818,41.53,103.03,38.42,47.88,104.65,44.79
2016.3,477397,37.81,102.11,37.59,44.16,103.6,43.98
2016.3,477114,37.16,101.07,36.48,43.59,102.73,42.89
2016.3,478169,34.32,98.47,35.3,40.78,100.28,41.73
2016.3,474459,33.45,98.17,34.34,39.92,99.98,40.79
2016.4,478722,31.97,97.46,33.86,38.44,99.25,40.32
2016.4,478612,31.72,97.47,33.91,38.2,99.36,40.38
2016.4,476509,35.32,98.8,34.35,41.73,100.5,40.82
2016.4,469658,35.33,97.6,34.9,41.83,99.57,41.37
2016.5,473193,36.79,97.27,35.27,43.31,99.59,41.75
2016.5,474528,35.73,96.77,35.37,42.18,99.16,41.84
2016.5,470473,35.12,94.34,35.25,41.59,96.9,41.72
2016.5,466985,35.46,93.28,35.09,41.92,96.22,41.56
2016.6,468475,33.8,93.53,35.15,40.27,96.33,41.61
2016.6,467588,33.79,93.55,35.64,40.27,96.44,42.11
2016.6,462088,34,94.48,36.64,40.45,97.32,43.11
2016.7,457989,39.34,95.93,37.91,45.82,99.32,44.38
2016.7,464620,41.43,95.96,39.08,47.9,99.4,45.55
2016.7,464740,41.84,95.05,39.93,48.31,98.62,46.41
2016.7,466099,39.32,95.13,40.53,45.78,98.67,47.01
2016.8,465051,38.7,96.3,41.13,45.19,99.69,47.62
2016.8,469591,42.33,97.09,41.88,48.8,100.58,48.38
2016.8,467317,43.62,95.91,42.69,50.16,99.6,49.21
2016.8,469138,43.68,96.83,43.31,50.19,100.23,49.84
2016.9,472052,44.86,95.63,43.46,51.43,98.8,50.01
2016.9,478495,46.29,95.08,43,52.9,98.17,49.56
2016.9,412712,42.17,91.38,41.98,48.75,94.21,48.53
2017.0,480846,39.61,90.04,40.6,46.09,92.86,47.16
2017.0,480430,39.14,89.49,39.14,45.67,92.07,45.7
2017.0,485347,36.94,87.24,37.77,43.54,89.6,44.34
2017.0,482567,37.17,88.36,36.55,43.79,90.4,43.14
2017.1,479200,34.8,87.91,35.76,41.36,89.71,42.36
2017.1,479859,33.46,87.36,35.33,40.08,88.98,41.94
2017.1,478434,33.39,90.07,35.12,40.01,91.75,41.74
2017.1,479643,34.51,88.39,35.03,41.16,90.14,41.65
2017.2,483270,34.47,90.15,35,41.14,91.61,41.62
2017.2,476093,35.41,92.77,34.99,42.05,94.19,41.62
